{
  "ltv_by_cohort": {
    "2023-09": 1087221.0833333335,
    "2023-10": 544431.9833333333,
    "2023-11": 59614.7142857143,
    "2023-12": 351878.485,
    "2024-01": 926847.9727272728,
    "2024-02": 170133.36249999996,
    "2024-03": 588912.1449999999,
    "2024-04": 899867.34375,
    "2024-05": 366847.19066666666,
    "2024-06": 253375.54528301893,
    "2024-07": 333121.1714285716,
    "2024-08": 167740.07272727275,
    "2024-09": 82678.4146666667,
    "2024-10": 218654.56625766886,
    "2024-11": 230387.20886075945,
    "2024-12": 172305.40434782606,
    "2025-01": 156834.75948275864,
    "2025-02": 72435.28545454548,
    "2025-03": 75721.46936936937,
    "2025-04": 78683.25725806455,
    "2025-05": 42559.81904761904,
    "2025-06": 18340.35819672131,
    "2025-07": 9304.234146341463
  },
  "retention_analysis": "Generated with subscription data"
}