{
  "2023-09": 1367050.4999999998,
  "2023-10": 1818801.8333333333,
  "2023-11": 1841212.6666666665,
  "2023-12": 2112938.5,
  "2024-01": 3102383.666666667,
  "2024-02": 3297356.5,
  "2024-03": 3935881.1666666665,
  "2024-04": 4636782.166666666,
  "2024-05": 6283969.500000001,
  "2024-06": 6929112.166666667,
  "2024-07": 8927499.0,
  "2024-08": 9709163.666666666,
  "2024-09": 10228455.166666664,
  "2024-10": 13709732.833333334,
  "2024-11": 15896071.66666667,
  "2024-12": 18586160.666666668,
  "2025-01": 21027228.500000007,
  "2025-02": 22571390.500000004,
  "2025-03": 25086988.33333332,
  "2025-04": 27388910.333333336,
  "2025-05": 29043539.833333332,
  "2025-06": 30926068.000000004,
  "2025-07": 34609945.33333336
}