{
  "2023-09": 1367050.4999999998,
  "2023-10": 1818801.8333333333,
  "2023-11": 1841204.4999999998,
  "2023-12": 2112930.333333333,
  "2024-01": 3101175.5,
  "2024-02": 3298248.333333333,
  "2024-03": 3936772.9999999995,
  "2024-04": 4639474.0,
  "2024-05": 6286661.333333335,
  "2024-06": 6931689.666666668,
  "2024-07": 9712529.0,
  "2024-08": 10232878.666666666,
  "2024-09": 11623184.333333334,
  "2024-10": 12155060.5,
  "2024-11": 14016045.333333336,
  "2024-12": 16380907.66666667,
  "2025-01": 19200454.33333334,
  "2025-02": 21274042.83333334,
  "2025-03": 24355395.166666675,
  "2025-04": 26130559.166666675,
  "2025-05": 28254054.500000022,
  "2025-06": 31663094.66666669,
  "2025-07": 36155272.33333335
}