{
  "mrr": 35521647.66666668,
  "arr": 426259772.0000001,
  "churn_rate": 0.017605633802816902,
  "arpu": 21219.622262047,
  "ltv": 294147.23894864955,
  "total_revenue": 303281253.79999906,
  "active_subscriptions": 1674,
  "total_customers": 1704,
  "cohort_ltv": {
    "2023-09": 1136241.4300000004,
    "2023-10": 536984.6000000001,
    "2023-11": 64997.29285714287,
    "2023-12": 360580.38,
    "2024-01": 944308.5772727273,
    "2024-02": 160817.12499999997,
    "2024-03": 676077.0199999999,
    "2024-04": 819299.4500000001,
    "2024-05": 384271.37600000005,
    "2024-06": 259251.5339622642,
    "2024-07": 281893.6914634147,
    "2024-08": 90259.77466666665,
    "2024-09": 208193.7421686746,
    "2024-10": 33841.30465116279,
    "2024-11": 256311.1828571429,
    "2024-12": 99089.23103448273,
    "2025-01": 110892.2085106383,
    "2025-02": 117733.24897959184,
    "2025-03": 66097.23272727273,
    "2025-04": 39610.72321428572,
    "2025-05": 51702.738636363625,
    "2025-06": 46965.191150442464,
    "2025-07": 19967.440666666673
  }
}